{
    "default_settings": {
        "duration": 200
    },
    "targets": {
        "QLD": {
            "enabled": true,
            "exchange": "AMS",
            "daily_budget": 84.34357664648998,
            "target_weight_initial": 0.03252878797735996
        },
        "TQQQ": {
            "enabled": true,
            "exchange": "NAS",
            "daily_budget": 41.67522577414323,
            "target_weight_initial": 0.01600665877004834
        }
    }
}